text,generated
"Photosynthesis and Energy Flow in Plants  This overview introduces the core ideas of
photosynthesis and energy flow in plants in the field of biology. The goal is to be accurate
but readable, so we will favor clear definitions, concrete examples, and short paragraphs.

Key concept: we start with a simple definition and then expand. After the definition, we add
an example from everyday life or a familiar classroom activity, because people remember
ideas better when they see them in action.

Think about a leaf as a small factory powered by sunlight. Pigments absorb light, and a
chain of reactions stores energy in molecules that the plant can use later.

Common misconceptions are worth naming explicitly. Students often carry half‑true rules that
work in one context but fail in another. By surfacing these limits, we help you avoid the
usual traps on quizzes and in real assignments.

Core ideas to track: 1) Definitions and units (if any). 2) The mechanism or reasoning steps.
3) A simple diagram you could sketch from memory. 4) One boundary case where the naive idea
breaks down.

In a short case study, imagine you are explaining photosynthesis and energy flow in plants
to a classmate who missed the lesson. You would define the terms, list the steps you would
take, and predict the result. Then you would check whether your prediction matches basic
principles in biology.

Checklist for practice: (a) restate the key idea in your own words, (b) solve one numeric or
conceptual example, (c) identify one potential error a student might make, and (d) explain
how you would detect and correct that error.

Transfer to new problems: look for structural similarities rather than surface details. If
you can map elements of a new task to the roles in this concept, you will know which rules
to apply and which exceptions to watch for. This is what studying really means: building a
mental model you can reuse.

In summary, the value of this topic is twofold: it organizes facts into a coherent story,
and it equips you with a repeatable method for checking your own understanding. When you
combine definitions, examples, and error checks, you create a reliable study routine that
pays off on exams and projects.

Extension activity: write a 6–8 sentence explanation aimed at a younger student. Avoid
jargon, keep sentences short, and include one vivid example. If you struggle, it is a clue
to revisit the definition and work one more practice problem.

Tip for studying: space your practice across days and mix question types. Retrieval
practice—trying to recall without looking—strengthens memory more than rereading. When
possible, explain your reasoning out loud or to a peer to reveal gaps.",1
"Acids, Bases, and the pH Scale  This overview introduces the core ideas of acids, bases, and
the ph scale in the field of chemistry. The goal is to be accurate but readable, so we will
favor clear definitions, concrete examples, and short paragraphs.

Key concept: we start with a simple definition and then expand. After the definition, we add
an example from everyday life or a familiar classroom activity, because people remember
ideas better when they see them in action.

You can test acids and bases with indicators like litmus or universal indicator. A small
change in hydrogen ion concentration can shift the pH significantly.

Common misconceptions are worth naming explicitly. Students often carry half‑true rules that
work in one context but fail in another. By surfacing these limits, we help you avoid the
usual traps on quizzes and in real assignments.

Core ideas to track: 1) Definitions and units (if any). 2) The mechanism or reasoning steps.
3) A simple diagram you could sketch from memory. 4) One boundary case where the naive idea
breaks down.

In a short case study, imagine you are explaining acids, bases, and the ph scale to a
classmate who missed the lesson. You would define the terms, list the steps you would take,
and predict the result. Then you would check whether your prediction matches basic
principles in chemistry.

Checklist for practice: (a) restate the key idea in your own words, (b) solve one numeric or
conceptual example, (c) identify one potential error a student might make, and (d) explain
how you would detect and correct that error.

Transfer to new problems: look for structural similarities rather than surface details. If
you can map elements of a new task to the roles in this concept, you will know which rules
to apply and which exceptions to watch for. This is what studying really means: building a
mental model you can reuse.

In summary, the value of this topic is twofold: it organizes facts into a coherent story,
and it equips you with a repeatable method for checking your own understanding. When you
combine definitions, examples, and error checks, you create a reliable study routine that
pays off on exams and projects.

Extension activity: write a 6–8 sentence explanation aimed at a younger student. Avoid
jargon, keep sentences short, and include one vivid example. If you struggle, it is a clue
to revisit the definition and work one more practice problem.

Tip for studying: space your practice across days and mix question types. Retrieval
practice—trying to recall without looking—strengthens memory more than rereading. When
possible, explain your reasoning out loud or to a peer to reveal gaps.",1
"Newton’s Laws in Everyday Motion  This overview introduces the core ideas of newton’s laws
in everyday motion in the field of physics. The goal is to be accurate but readable, so we
will favor clear definitions, concrete examples, and short paragraphs.

Key concept: we start with a simple definition and then expand. After the definition, we add
an example from everyday life or a familiar classroom activity, because people remember
ideas better when they see them in action.

When a bus brakes and you lean forward, you are experiencing inertia: your body keeps moving
until another force, like the seatbelt, acts on it.

Common misconceptions are worth naming explicitly. Students often carry half‑true rules that
work in one context but fail in another. By surfacing these limits, we help you avoid the
usual traps on quizzes and in real assignments.

Core ideas to track: 1) Definitions and units (if any). 2) The mechanism or reasoning steps.
3) A simple diagram you could sketch from memory. 4) One boundary case where the naive idea
breaks down.

In a short case study, imagine you are explaining newton’s laws in everyday motion to a
classmate who missed the lesson. You would define the terms, list the steps you would take,
and predict the result. Then you would check whether your prediction matches basic
principles in physics.

Checklist for practice: (a) restate the key idea in your own words, (b) solve one numeric or
conceptual example, (c) identify one potential error a student might make, and (d) explain
how you would detect and correct that error.

Transfer to new problems: look for structural similarities rather than surface details. If
you can map elements of a new task to the roles in this concept, you will know which rules
to apply and which exceptions to watch for. This is what studying really means: building a
mental model you can reuse.

In summary, the value of this topic is twofold: it organizes facts into a coherent story,
and it equips you with a repeatable method for checking your own understanding. When you
combine definitions, examples, and error checks, you create a reliable study routine that
pays off on exams and projects.

Extension activity: write a 6–8 sentence explanation aimed at a younger student. Avoid
jargon, keep sentences short, and include one vivid example. If you struggle, it is a clue
to revisit the definition and work one more practice problem.

Tip for studying: space your practice across days and mix question types. Retrieval
practice—trying to recall without looking—strengthens memory more than rereading. When
possible, explain your reasoning out loud or to a peer to reveal gaps.",1
"Understanding the Concept of Limits  This overview introduces the core ideas of
understanding the concept of limits in the field of mathematics. The goal is to be accurate
but readable, so we will favor clear definitions, concrete examples, and short paragraphs.

Key concept: we start with a simple definition and then expand. After the definition, we add
an example from everyday life or a familiar classroom activity, because people remember
ideas better when they see them in action.

A limit describes what value a function approaches. You do not need to plug in the exact
point; you look at behavior nearby.

Common misconceptions are worth naming explicitly. Students often carry half‑true rules that
work in one context but fail in another. By surfacing these limits, we help you avoid the
usual traps on quizzes and in real assignments.

Core ideas to track: 1) Definitions and units (if any). 2) The mechanism or reasoning steps.
3) A simple diagram you could sketch from memory. 4) One boundary case where the naive idea
breaks down.

In a short case study, imagine you are explaining understanding the concept of limits to a
classmate who missed the lesson. You would define the terms, list the steps you would take,
and predict the result. Then you would check whether your prediction matches basic
principles in mathematics.

Checklist for practice: (a) restate the key idea in your own words, (b) solve one numeric or
conceptual example, (c) identify one potential error a student might make, and (d) explain
how you would detect and correct that error.

Transfer to new problems: look for structural similarities rather than surface details. If
you can map elements of a new task to the roles in this concept, you will know which rules
to apply and which exceptions to watch for. This is what studying really means: building a
mental model you can reuse.

In summary, the value of this topic is twofold: it organizes facts into a coherent story,
and it equips you with a repeatable method for checking your own understanding. When you
combine definitions, examples, and error checks, you create a reliable study routine that
pays off on exams and projects.

Extension activity: write a 6–8 sentence explanation aimed at a younger student. Avoid
jargon, keep sentences short, and include one vivid example. If you struggle, it is a clue
to revisit the definition and work one more practice problem.

Tip for studying: space your practice across days and mix question types. Retrieval
practice—trying to recall without looking—strengthens memory more than rereading. When
possible, explain your reasoning out loud or to a peer to reveal gaps.",1
"Confidence Intervals and What They Mean  This overview introduces the core ideas of
confidence intervals and what they mean in the field of statistics. The goal is to be
accurate but readable, so we will favor clear definitions, concrete examples, and short
paragraphs.

Key concept: we start with a simple definition and then expand. After the definition, we add
an example from everyday life or a familiar classroom activity, because people remember
ideas better when they see them in action.

A confidence interval does not mean the parameter moves. It reflects the uncertainty in our
estimate across repeated samples.

Common misconceptions are worth naming explicitly. Students often carry half‑true rules that
work in one context but fail in another. By surfacing these limits, we help you avoid the
usual traps on quizzes and in real assignments.

Core ideas to track: 1) Definitions and units (if any). 2) The mechanism or reasoning steps.
3) A simple diagram you could sketch from memory. 4) One boundary case where the naive idea
breaks down.

In a short case study, imagine you are explaining confidence intervals and what they mean to
a classmate who missed the lesson. You would define the terms, list the steps you would
take, and predict the result. Then you would check whether your prediction matches basic
principles in statistics.

Checklist for practice: (a) restate the key idea in your own words, (b) solve one numeric or
conceptual example, (c) identify one potential error a student might make, and (d) explain
how you would detect and correct that error.

Transfer to new problems: look for structural similarities rather than surface details. If
you can map elements of a new task to the roles in this concept, you will know which rules
to apply and which exceptions to watch for. This is what studying really means: building a
mental model you can reuse.

In summary, the value of this topic is twofold: it organizes facts into a coherent story,
and it equips you with a repeatable method for checking your own understanding. When you
combine definitions, examples, and error checks, you create a reliable study routine that
pays off on exams and projects.

Extension activity: write a 6–8 sentence explanation aimed at a younger student. Avoid
jargon, keep sentences short, and include one vivid example. If you struggle, it is a clue
to revisit the definition and work one more practice problem.

Tip for studying: space your practice across days and mix question types. Retrieval
practice—trying to recall without looking—strengthens memory more than rereading. When
possible, explain your reasoning out loud or to a peer to reveal gaps.",1
"Algorithmic Thinking with Pseudocode  This overview introduces the core ideas of algorithmic
thinking with pseudocode in the field of computer science. The goal is to be accurate but
readable, so we will favor clear definitions, concrete examples, and short paragraphs.

Key concept: we start with a simple definition and then expand. After the definition, we add
an example from everyday life or a familiar classroom activity, because people remember
ideas better when they see them in action.

A concrete example helps: take the main idea and try to apply it to a small, realistic
scenario you could test in a lab, spreadsheet, or short essay.

Common misconceptions are worth naming explicitly. Students often carry half‑true rules that
work in one context but fail in another. By surfacing these limits, we help you avoid the
usual traps on quizzes and in real assignments.

Core ideas to track: 1) Definitions and units (if any). 2) The mechanism or reasoning steps.
3) A simple diagram you could sketch from memory. 4) One boundary case where the naive idea
breaks down.

In a short case study, imagine you are explaining algorithmic thinking with pseudocode to a
classmate who missed the lesson. You would define the terms, list the steps you would take,
and predict the result. Then you would check whether your prediction matches basic
principles in computer science.

Checklist for practice: (a) restate the key idea in your own words, (b) solve one numeric or
conceptual example, (c) identify one potential error a student might make, and (d) explain
how you would detect and correct that error.

Transfer to new problems: look for structural similarities rather than surface details. If
you can map elements of a new task to the roles in this concept, you will know which rules
to apply and which exceptions to watch for. This is what studying really means: building a
mental model you can reuse.

In summary, the value of this topic is twofold: it organizes facts into a coherent story,
and it equips you with a repeatable method for checking your own understanding. When you
combine definitions, examples, and error checks, you create a reliable study routine that
pays off on exams and projects.

Extension activity: write a 6–8 sentence explanation aimed at a younger student. Avoid
jargon, keep sentences short, and include one vivid example. If you struggle, it is a clue
to revisit the definition and work one more practice problem.

Tip for studying: space your practice across days and mix question types. Retrieval
practice—trying to recall without looking—strengthens memory more than rereading. When
possible, explain your reasoning out loud or to a peer to reveal gaps.",1
"The Causes of World War I  This overview introduces the core ideas of the causes of world
war i in the field of history. The goal is to be accurate but readable, so we will favor
clear definitions, concrete examples, and short paragraphs.

Key concept: we start with a simple definition and then expand. After the definition, we add
an example from everyday life or a familiar classroom activity, because people remember
ideas better when they see them in action.

A concrete example helps: take the main idea and try to apply it to a small, realistic
scenario you could test in a lab, spreadsheet, or short essay.

Common misconceptions are worth naming explicitly. Students often carry half‑true rules that
work in one context but fail in another. By surfacing these limits, we help you avoid the
usual traps on quizzes and in real assignments.

Core ideas to track: 1) Definitions and units (if any). 2) The mechanism or reasoning steps.
3) A simple diagram you could sketch from memory. 4) One boundary case where the naive idea
breaks down.

In a short case study, imagine you are explaining the causes of world war i to a classmate
who missed the lesson. You would define the terms, list the steps you would take, and
predict the result. Then you would check whether your prediction matches basic principles in
history.

Checklist for practice: (a) restate the key idea in your own words, (b) solve one numeric or
conceptual example, (c) identify one potential error a student might make, and (d) explain
how you would detect and correct that error.

Transfer to new problems: look for structural similarities rather than surface details. If
you can map elements of a new task to the roles in this concept, you will know which rules
to apply and which exceptions to watch for. This is what studying really means: building a
mental model you can reuse.

In summary, the value of this topic is twofold: it organizes facts into a coherent story,
and it equips you with a repeatable method for checking your own understanding. When you
combine definitions, examples, and error checks, you create a reliable study routine that
pays off on exams and projects.

Extension activity: write a 6–8 sentence explanation aimed at a younger student. Avoid
jargon, keep sentences short, and include one vivid example. If you struggle, it is a clue
to revisit the definition and work one more practice problem.

Tip for studying: space your practice across days and mix question types. Retrieval
practice—trying to recall without looking—strengthens memory more than rereading. When
possible, explain your reasoning out loud or to a peer to reveal gaps.",1
"Plate Tectonics and Earth’s Surface  This overview introduces the core ideas of plate
tectonics and earth’s surface in the field of geography. The goal is to be accurate but
readable, so we will favor clear definitions, concrete examples, and short paragraphs.

Key concept: we start with a simple definition and then expand. After the definition, we add
an example from everyday life or a familiar classroom activity, because people remember
ideas better when they see them in action.

A concrete example helps: take the main idea and try to apply it to a small, realistic
scenario you could test in a lab, spreadsheet, or short essay.

Common misconceptions are worth naming explicitly. Students often carry half‑true rules that
work in one context but fail in another. By surfacing these limits, we help you avoid the
usual traps on quizzes and in real assignments.

Core ideas to track: 1) Definitions and units (if any). 2) The mechanism or reasoning steps.
3) A simple diagram you could sketch from memory. 4) One boundary case where the naive idea
breaks down.

In a short case study, imagine you are explaining plate tectonics and earth’s surface to a
classmate who missed the lesson. You would define the terms, list the steps you would take,
and predict the result. Then you would check whether your prediction matches basic
principles in geography.

Checklist for practice: (a) restate the key idea in your own words, (b) solve one numeric or
conceptual example, (c) identify one potential error a student might make, and (d) explain
how you would detect and correct that error.

Transfer to new problems: look for structural similarities rather than surface details. If
you can map elements of a new task to the roles in this concept, you will know which rules
to apply and which exceptions to watch for. This is what studying really means: building a
mental model you can reuse.

In summary, the value of this topic is twofold: it organizes facts into a coherent story,
and it equips you with a repeatable method for checking your own understanding. When you
combine definitions, examples, and error checks, you create a reliable study routine that
pays off on exams and projects.

Extension activity: write a 6–8 sentence explanation aimed at a younger student. Avoid
jargon, keep sentences short, and include one vivid example. If you struggle, it is a clue
to revisit the definition and work one more practice problem.

Tip for studying: space your practice across days and mix question types. Retrieval
practice—trying to recall without looking—strengthens memory more than rereading. When
possible, explain your reasoning out loud or to a peer to reveal gaps.",1
"Supply, Demand, and Market Equilibrium  This overview introduces the core ideas of supply,
demand, and market equilibrium in the field of economics. The goal is to be accurate but
readable, so we will favor clear definitions, concrete examples, and short paragraphs.

Key concept: we start with a simple definition and then expand. After the definition, we add
an example from everyday life or a familiar classroom activity, because people remember
ideas better when they see them in action.

A concrete example helps: take the main idea and try to apply it to a small, realistic
scenario you could test in a lab, spreadsheet, or short essay.

Common misconceptions are worth naming explicitly. Students often carry half‑true rules that
work in one context but fail in another. By surfacing these limits, we help you avoid the
usual traps on quizzes and in real assignments.

Core ideas to track: 1) Definitions and units (if any). 2) The mechanism or reasoning steps.
3) A simple diagram you could sketch from memory. 4) One boundary case where the naive idea
breaks down.

In a short case study, imagine you are explaining supply, demand, and market equilibrium to
a classmate who missed the lesson. You would define the terms, list the steps you would
take, and predict the result. Then you would check whether your prediction matches basic
principles in economics.

Checklist for practice: (a) restate the key idea in your own words, (b) solve one numeric or
conceptual example, (c) identify one potential error a student might make, and (d) explain
how you would detect and correct that error.

Transfer to new problems: look for structural similarities rather than surface details. If
you can map elements of a new task to the roles in this concept, you will know which rules
to apply and which exceptions to watch for. This is what studying really means: building a
mental model you can reuse.

In summary, the value of this topic is twofold: it organizes facts into a coherent story,
and it equips you with a repeatable method for checking your own understanding. When you
combine definitions, examples, and error checks, you create a reliable study routine that
pays off on exams and projects.

Extension activity: write a 6–8 sentence explanation aimed at a younger student. Avoid
jargon, keep sentences short, and include one vivid example. If you struggle, it is a clue
to revisit the definition and work one more practice problem.

Tip for studying: space your practice across days and mix question types. Retrieval
practice—trying to recall without looking—strengthens memory more than rereading. When
possible, explain your reasoning out loud or to a peer to reveal gaps.",1
"Classical vs. Operant Conditioning  This overview introduces the core ideas of classical vs.
operant conditioning in the field of psychology. The goal is to be accurate but readable, so
we will favor clear definitions, concrete examples, and short paragraphs.

Key concept: we start with a simple definition and then expand. After the definition, we add
an example from everyday life or a familiar classroom activity, because people remember
ideas better when they see them in action.

A concrete example helps: take the main idea and try to apply it to a small, realistic
scenario you could test in a lab, spreadsheet, or short essay.

Common misconceptions are worth naming explicitly. Students often carry half‑true rules that
work in one context but fail in another. By surfacing these limits, we help you avoid the
usual traps on quizzes and in real assignments.

Core ideas to track: 1) Definitions and units (if any). 2) The mechanism or reasoning steps.
3) A simple diagram you could sketch from memory. 4) One boundary case where the naive idea
breaks down.

In a short case study, imagine you are explaining classical vs. operant conditioning to a
classmate who missed the lesson. You would define the terms, list the steps you would take,
and predict the result. Then you would check whether your prediction matches basic
principles in psychology.

Checklist for practice: (a) restate the key idea in your own words, (b) solve one numeric or
conceptual example, (c) identify one potential error a student might make, and (d) explain
how you would detect and correct that error.

Transfer to new problems: look for structural similarities rather than surface details. If
you can map elements of a new task to the roles in this concept, you will know which rules
to apply and which exceptions to watch for. This is what studying really means: building a
mental model you can reuse.

In summary, the value of this topic is twofold: it organizes facts into a coherent story,
and it equips you with a repeatable method for checking your own understanding. When you
combine definitions, examples, and error checks, you create a reliable study routine that
pays off on exams and projects.

Extension activity: write a 6–8 sentence explanation aimed at a younger student. Avoid
jargon, keep sentences short, and include one vivid example. If you struggle, it is a clue
to revisit the definition and work one more practice problem.

Tip for studying: space your practice across days and mix question types. Retrieval
practice—trying to recall without looking—strengthens memory more than rereading. When
possible, explain your reasoning out loud or to a peer to reveal gaps.",1
"Social Norms and Deviance  This overview introduces the core ideas of social norms and
deviance in the field of sociology. The goal is to be accurate but readable, so we will
favor clear definitions, concrete examples, and short paragraphs.

Key concept: we start with a simple definition and then expand. After the definition, we add
an example from everyday life or a familiar classroom activity, because people remember
ideas better when they see them in action.

A concrete example helps: take the main idea and try to apply it to a small, realistic
scenario you could test in a lab, spreadsheet, or short essay.

Common misconceptions are worth naming explicitly. Students often carry half‑true rules that
work in one context but fail in another. By surfacing these limits, we help you avoid the
usual traps on quizzes and in real assignments.

Core ideas to track: 1) Definitions and units (if any). 2) The mechanism or reasoning steps.
3) A simple diagram you could sketch from memory. 4) One boundary case where the naive idea
breaks down.

In a short case study, imagine you are explaining social norms and deviance to a classmate
who missed the lesson. You would define the terms, list the steps you would take, and
predict the result. Then you would check whether your prediction matches basic principles in
sociology.

Checklist for practice: (a) restate the key idea in your own words, (b) solve one numeric or
conceptual example, (c) identify one potential error a student might make, and (d) explain
how you would detect and correct that error.

Transfer to new problems: look for structural similarities rather than surface details. If
you can map elements of a new task to the roles in this concept, you will know which rules
to apply and which exceptions to watch for. This is what studying really means: building a
mental model you can reuse.

In summary, the value of this topic is twofold: it organizes facts into a coherent story,
and it equips you with a repeatable method for checking your own understanding. When you
combine definitions, examples, and error checks, you create a reliable study routine that
pays off on exams and projects.

Extension activity: write a 6–8 sentence explanation aimed at a younger student. Avoid
jargon, keep sentences short, and include one vivid example. If you struggle, it is a clue
to revisit the definition and work one more practice problem.

Tip for studying: space your practice across days and mix question types. Retrieval
practice—trying to recall without looking—strengthens memory more than rereading. When
possible, explain your reasoning out loud or to a peer to reveal gaps.",1
"Carbon Cycle and Climate Change  This overview introduces the core ideas of carbon cycle and
climate change in the field of environmental science. The goal is to be accurate but
readable, so we will favor clear definitions, concrete examples, and short paragraphs.

Key concept: we start with a simple definition and then expand. After the definition, we add
an example from everyday life or a familiar classroom activity, because people remember
ideas better when they see them in action.

A concrete example helps: take the main idea and try to apply it to a small, realistic
scenario you could test in a lab, spreadsheet, or short essay.

Common misconceptions are worth naming explicitly. Students often carry half‑true rules that
work in one context but fail in another. By surfacing these limits, we help you avoid the
usual traps on quizzes and in real assignments.

Core ideas to track: 1) Definitions and units (if any). 2) The mechanism or reasoning steps.
3) A simple diagram you could sketch from memory. 4) One boundary case where the naive idea
breaks down.

In a short case study, imagine you are explaining carbon cycle and climate change to a
classmate who missed the lesson. You would define the terms, list the steps you would take,
and predict the result. Then you would check whether your prediction matches basic
principles in environmental science.

Checklist for practice: (a) restate the key idea in your own words, (b) solve one numeric or
conceptual example, (c) identify one potential error a student might make, and (d) explain
how you would detect and correct that error.

Transfer to new problems: look for structural similarities rather than surface details. If
you can map elements of a new task to the roles in this concept, you will know which rules
to apply and which exceptions to watch for. This is what studying really means: building a
mental model you can reuse.

In summary, the value of this topic is twofold: it organizes facts into a coherent story,
and it equips you with a repeatable method for checking your own understanding. When you
combine definitions, examples, and error checks, you create a reliable study routine that
pays off on exams and projects.

Extension activity: write a 6–8 sentence explanation aimed at a younger student. Avoid
jargon, keep sentences short, and include one vivid example. If you struggle, it is a clue
to revisit the definition and work one more practice problem.

Tip for studying: space your practice across days and mix question types. Retrieval
practice—trying to recall without looking—strengthens memory more than rereading. When
possible, explain your reasoning out loud or to a peer to reveal gaps.",1
"Separation of Powers in Modern Democracies  This overview introduces the core ideas of
separation of powers in modern democracies in the field of political science. The goal is to
be accurate but readable, so we will favor clear definitions, concrete examples, and short
paragraphs.

Key concept: we start with a simple definition and then expand. After the definition, we add
an example from everyday life or a familiar classroom activity, because people remember
ideas better when they see them in action.

A concrete example helps: take the main idea and try to apply it to a small, realistic
scenario you could test in a lab, spreadsheet, or short essay.

Common misconceptions are worth naming explicitly. Students often carry half‑true rules that
work in one context but fail in another. By surfacing these limits, we help you avoid the
usual traps on quizzes and in real assignments.

Core ideas to track: 1) Definitions and units (if any). 2) The mechanism or reasoning steps.
3) A simple diagram you could sketch from memory. 4) One boundary case where the naive idea
breaks down.

In a short case study, imagine you are explaining separation of powers in modern democracies
to a classmate who missed the lesson. You would define the terms, list the steps you would
take, and predict the result. Then you would check whether your prediction matches basic
principles in political science.

Checklist for practice: (a) restate the key idea in your own words, (b) solve one numeric or
conceptual example, (c) identify one potential error a student might make, and (d) explain
how you would detect and correct that error.

Transfer to new problems: look for structural similarities rather than surface details. If
you can map elements of a new task to the roles in this concept, you will know which rules
to apply and which exceptions to watch for. This is what studying really means: building a
mental model you can reuse.

In summary, the value of this topic is twofold: it organizes facts into a coherent story,
and it equips you with a repeatable method for checking your own understanding. When you
combine definitions, examples, and error checks, you create a reliable study routine that
pays off on exams and projects.

Extension activity: write a 6–8 sentence explanation aimed at a younger student. Avoid
jargon, keep sentences short, and include one vivid example. If you struggle, it is a clue
to revisit the definition and work one more practice problem.

Tip for studying: space your practice across days and mix question types. Retrieval
practice—trying to recall without looking—strengthens memory more than rereading. When
possible, explain your reasoning out loud or to a peer to reveal gaps.",1
"Utilitarianism: Weighing Outcomes  This overview introduces the core ideas of
utilitarianism: weighing outcomes in the field of philosophy. The goal is to be accurate but
readable, so we will favor clear definitions, concrete examples, and short paragraphs.

Key concept: we start with a simple definition and then expand. After the definition, we add
an example from everyday life or a familiar classroom activity, because people remember
ideas better when they see them in action.

A concrete example helps: take the main idea and try to apply it to a small, realistic
scenario you could test in a lab, spreadsheet, or short essay.

Common misconceptions are worth naming explicitly. Students often carry half‑true rules that
work in one context but fail in another. By surfacing these limits, we help you avoid the
usual traps on quizzes and in real assignments.

Core ideas to track: 1) Definitions and units (if any). 2) The mechanism or reasoning steps.
3) A simple diagram you could sketch from memory. 4) One boundary case where the naive idea
breaks down.

In a short case study, imagine you are explaining utilitarianism: weighing outcomes to a
classmate who missed the lesson. You would define the terms, list the steps you would take,
and predict the result. Then you would check whether your prediction matches basic
principles in philosophy.

Checklist for practice: (a) restate the key idea in your own words, (b) solve one numeric or
conceptual example, (c) identify one potential error a student might make, and (d) explain
how you would detect and correct that error.

Transfer to new problems: look for structural similarities rather than surface details. If
you can map elements of a new task to the roles in this concept, you will know which rules
to apply and which exceptions to watch for. This is what studying really means: building a
mental model you can reuse.

In summary, the value of this topic is twofold: it organizes facts into a coherent story,
and it equips you with a repeatable method for checking your own understanding. When you
combine definitions, examples, and error checks, you create a reliable study routine that
pays off on exams and projects.

Extension activity: write a 6–8 sentence explanation aimed at a younger student. Avoid
jargon, keep sentences short, and include one vivid example. If you struggle, it is a clue
to revisit the definition and work one more practice problem.

Tip for studying: space your practice across days and mix question types. Retrieval
practice—trying to recall without looking—strengthens memory more than rereading. When
possible, explain your reasoning out loud or to a peer to reveal gaps.",1
"Close Reading: Symbolism in Poetry  This overview introduces the core ideas of close
reading: symbolism in poetry in the field of literature. The goal is to be accurate but
readable, so we will favor clear definitions, concrete examples, and short paragraphs.

Key concept: we start with a simple definition and then expand. After the definition, we add
an example from everyday life or a familiar classroom activity, because people remember
ideas better when they see them in action.

A concrete example helps: take the main idea and try to apply it to a small, realistic
scenario you could test in a lab, spreadsheet, or short essay.

Common misconceptions are worth naming explicitly. Students often carry half‑true rules that
work in one context but fail in another. By surfacing these limits, we help you avoid the
usual traps on quizzes and in real assignments.

Core ideas to track: 1) Definitions and units (if any). 2) The mechanism or reasoning steps.
3) A simple diagram you could sketch from memory. 4) One boundary case where the naive idea
breaks down.

In a short case study, imagine you are explaining close reading: symbolism in poetry to a
classmate who missed the lesson. You would define the terms, list the steps you would take,
and predict the result. Then you would check whether your prediction matches basic
principles in literature.

Checklist for practice: (a) restate the key idea in your own words, (b) solve one numeric or
conceptual example, (c) identify one potential error a student might make, and (d) explain
how you would detect and correct that error.

Transfer to new problems: look for structural similarities rather than surface details. If
you can map elements of a new task to the roles in this concept, you will know which rules
to apply and which exceptions to watch for. This is what studying really means: building a
mental model you can reuse.

In summary, the value of this topic is twofold: it organizes facts into a coherent story,
and it equips you with a repeatable method for checking your own understanding. When you
combine definitions, examples, and error checks, you create a reliable study routine that
pays off on exams and projects.

Extension activity: write a 6–8 sentence explanation aimed at a younger student. Avoid
jargon, keep sentences short, and include one vivid example. If you struggle, it is a clue
to revisit the definition and work one more practice problem.

Tip for studying: space your practice across days and mix question types. Retrieval
practice—trying to recall without looking—strengthens memory more than rereading. When
possible, explain your reasoning out loud or to a peer to reveal gaps.",1
"Renaissance Perspective and Realism  This overview introduces the core ideas of renaissance
perspective and realism in the field of art history. The goal is to be accurate but
readable, so we will favor clear definitions, concrete examples, and short paragraphs.

Key concept: we start with a simple definition and then expand. After the definition, we add
an example from everyday life or a familiar classroom activity, because people remember
ideas better when they see them in action.

A concrete example helps: take the main idea and try to apply it to a small, realistic
scenario you could test in a lab, spreadsheet, or short essay.

Common misconceptions are worth naming explicitly. Students often carry half‑true rules that
work in one context but fail in another. By surfacing these limits, we help you avoid the
usual traps on quizzes and in real assignments.

Core ideas to track: 1) Definitions and units (if any). 2) The mechanism or reasoning steps.
3) A simple diagram you could sketch from memory. 4) One boundary case where the naive idea
breaks down.

In a short case study, imagine you are explaining renaissance perspective and realism to a
classmate who missed the lesson. You would define the terms, list the steps you would take,
and predict the result. Then you would check whether your prediction matches basic
principles in art history.

Checklist for practice: (a) restate the key idea in your own words, (b) solve one numeric or
conceptual example, (c) identify one potential error a student might make, and (d) explain
how you would detect and correct that error.

Transfer to new problems: look for structural similarities rather than surface details. If
you can map elements of a new task to the roles in this concept, you will know which rules
to apply and which exceptions to watch for. This is what studying really means: building a
mental model you can reuse.

In summary, the value of this topic is twofold: it organizes facts into a coherent story,
and it equips you with a repeatable method for checking your own understanding. When you
combine definitions, examples, and error checks, you create a reliable study routine that
pays off on exams and projects.

Extension activity: write a 6–8 sentence explanation aimed at a younger student. Avoid
jargon, keep sentences short, and include one vivid example. If you struggle, it is a clue
to revisit the definition and work one more practice problem.

Tip for studying: space your practice across days and mix question types. Retrieval
practice—trying to recall without looking—strengthens memory more than rereading. When
possible, explain your reasoning out loud or to a peer to reveal gaps.",1
"Scales, Keys, and Harmony Basics  This overview introduces the core ideas of scales, keys,
and harmony basics in the field of music theory. The goal is to be accurate but readable, so
we will favor clear definitions, concrete examples, and short paragraphs.

Key concept: we start with a simple definition and then expand. After the definition, we add
an example from everyday life or a familiar classroom activity, because people remember
ideas better when they see them in action.

A concrete example helps: take the main idea and try to apply it to a small, realistic
scenario you could test in a lab, spreadsheet, or short essay.

Common misconceptions are worth naming explicitly. Students often carry half‑true rules that
work in one context but fail in another. By surfacing these limits, we help you avoid the
usual traps on quizzes and in real assignments.

Core ideas to track: 1) Definitions and units (if any). 2) The mechanism or reasoning steps.
3) A simple diagram you could sketch from memory. 4) One boundary case where the naive idea
breaks down.

In a short case study, imagine you are explaining scales, keys, and harmony basics to a
classmate who missed the lesson. You would define the terms, list the steps you would take,
and predict the result. Then you would check whether your prediction matches basic
principles in music theory.

Checklist for practice: (a) restate the key idea in your own words, (b) solve one numeric or
conceptual example, (c) identify one potential error a student might make, and (d) explain
how you would detect and correct that error.

Transfer to new problems: look for structural similarities rather than surface details. If
you can map elements of a new task to the roles in this concept, you will know which rules
to apply and which exceptions to watch for. This is what studying really means: building a
mental model you can reuse.

In summary, the value of this topic is twofold: it organizes facts into a coherent story,
and it equips you with a repeatable method for checking your own understanding. When you
combine definitions, examples, and error checks, you create a reliable study routine that
pays off on exams and projects.

Extension activity: write a 6–8 sentence explanation aimed at a younger student. Avoid
jargon, keep sentences short, and include one vivid example. If you struggle, it is a clue
to revisit the definition and work one more practice problem.

Tip for studying: space your practice across days and mix question types. Retrieval
practice—trying to recall without looking—strengthens memory more than rereading. When
possible, explain your reasoning out loud or to a peer to reveal gaps.",1
"Vaccines: How They Work  This overview introduces the core ideas of vaccines: how they work
in the field of health science. The goal is to be accurate but readable, so we will favor
clear definitions, concrete examples, and short paragraphs.

Key concept: we start with a simple definition and then expand. After the definition, we add
an example from everyday life or a familiar classroom activity, because people remember
ideas better when they see them in action.

A concrete example helps: take the main idea and try to apply it to a small, realistic
scenario you could test in a lab, spreadsheet, or short essay.

Common misconceptions are worth naming explicitly. Students often carry half‑true rules that
work in one context but fail in another. By surfacing these limits, we help you avoid the
usual traps on quizzes and in real assignments.

Core ideas to track: 1) Definitions and units (if any). 2) The mechanism or reasoning steps.
3) A simple diagram you could sketch from memory. 4) One boundary case where the naive idea
breaks down.

In a short case study, imagine you are explaining vaccines: how they work to a classmate who
missed the lesson. You would define the terms, list the steps you would take, and predict
the result. Then you would check whether your prediction matches basic principles in health
science.

Checklist for practice: (a) restate the key idea in your own words, (b) solve one numeric or
conceptual example, (c) identify one potential error a student might make, and (d) explain
how you would detect and correct that error.

Transfer to new problems: look for structural similarities rather than surface details. If
you can map elements of a new task to the roles in this concept, you will know which rules
to apply and which exceptions to watch for. This is what studying really means: building a
mental model you can reuse.

In summary, the value of this topic is twofold: it organizes facts into a coherent story,
and it equips you with a repeatable method for checking your own understanding. When you
combine definitions, examples, and error checks, you create a reliable study routine that
pays off on exams and projects.

Extension activity: write a 6–8 sentence explanation aimed at a younger student. Avoid
jargon, keep sentences short, and include one vivid example. If you struggle, it is a clue
to revisit the definition and work one more practice problem.

Tip for studying: space your practice across days and mix question types. Retrieval
practice—trying to recall without looking—strengthens memory more than rereading. When
possible, explain your reasoning out loud or to a peer to reveal gaps.",1
"Rights, Responsibilities, and Civic Participation  This overview introduces the core ideas
of rights, responsibilities, and civic participation in the field of civics. The goal is to
be accurate but readable, so we will favor clear definitions, concrete examples, and short
paragraphs.

Key concept: we start with a simple definition and then expand. After the definition, we add
an example from everyday life or a familiar classroom activity, because people remember
ideas better when they see them in action.

A concrete example helps: take the main idea and try to apply it to a small, realistic
scenario you could test in a lab, spreadsheet, or short essay.

Common misconceptions are worth naming explicitly. Students often carry half‑true rules that
work in one context but fail in another. By surfacing these limits, we help you avoid the
usual traps on quizzes and in real assignments.

Core ideas to track: 1) Definitions and units (if any). 2) The mechanism or reasoning steps.
3) A simple diagram you could sketch from memory. 4) One boundary case where the naive idea
breaks down.

In a short case study, imagine you are explaining rights, responsibilities, and civic
participation to a classmate who missed the lesson. You would define the terms, list the
steps you would take, and predict the result. Then you would check whether your prediction
matches basic principles in civics.

Checklist for practice: (a) restate the key idea in your own words, (b) solve one numeric or
conceptual example, (c) identify one potential error a student might make, and (d) explain
how you would detect and correct that error.

Transfer to new problems: look for structural similarities rather than surface details. If
you can map elements of a new task to the roles in this concept, you will know which rules
to apply and which exceptions to watch for. This is what studying really means: building a
mental model you can reuse.

In summary, the value of this topic is twofold: it organizes facts into a coherent story,
and it equips you with a repeatable method for checking your own understanding. When you
combine definitions, examples, and error checks, you create a reliable study routine that
pays off on exams and projects.

Extension activity: write a 6–8 sentence explanation aimed at a younger student. Avoid
jargon, keep sentences short, and include one vivid example. If you struggle, it is a clue
to revisit the definition and work one more practice problem.

Tip for studying: space your practice across days and mix question types. Retrieval
practice—trying to recall without looking—strengthens memory more than rereading. When
possible, explain your reasoning out loud or to a peer to reveal gaps.",1
"News Literacy and Source Evaluation  This overview introduces the core ideas of news
literacy and source evaluation in the field of media studies. The goal is to be accurate but
readable, so we will favor clear definitions, concrete examples, and short paragraphs.

Key concept: we start with a simple definition and then expand. After the definition, we add
an example from everyday life or a familiar classroom activity, because people remember
ideas better when they see them in action.

A concrete example helps: take the main idea and try to apply it to a small, realistic
scenario you could test in a lab, spreadsheet, or short essay.

Common misconceptions are worth naming explicitly. Students often carry half‑true rules that
work in one context but fail in another. By surfacing these limits, we help you avoid the
usual traps on quizzes and in real assignments.

Core ideas to track: 1) Definitions and units (if any). 2) The mechanism or reasoning steps.
3) A simple diagram you could sketch from memory. 4) One boundary case where the naive idea
breaks down.

In a short case study, imagine you are explaining news literacy and source evaluation to a
classmate who missed the lesson. You would define the terms, list the steps you would take,
and predict the result. Then you would check whether your prediction matches basic
principles in media studies.

Checklist for practice: (a) restate the key idea in your own words, (b) solve one numeric or
conceptual example, (c) identify one potential error a student might make, and (d) explain
how you would detect and correct that error.

Transfer to new problems: look for structural similarities rather than surface details. If
you can map elements of a new task to the roles in this concept, you will know which rules
to apply and which exceptions to watch for. This is what studying really means: building a
mental model you can reuse.

In summary, the value of this topic is twofold: it organizes facts into a coherent story,
and it equips you with a repeatable method for checking your own understanding. When you
combine definitions, examples, and error checks, you create a reliable study routine that
pays off on exams and projects.

Extension activity: write a 6–8 sentence explanation aimed at a younger student. Avoid
jargon, keep sentences short, and include one vivid example. If you struggle, it is a clue
to revisit the definition and work one more practice problem.

Tip for studying: space your practice across days and mix question types. Retrieval
practice—trying to recall without looking—strengthens memory more than rereading. When
possible, explain your reasoning out loud or to a peer to reveal gaps.",1
"Morphology: How Words Are Built  This overview introduces the core ideas of morphology: how
words are built in the field of linguistics. The goal is to be accurate but readable, so we
will favor clear definitions, concrete examples, and short paragraphs.

Key concept: we start with a simple definition and then expand. After the definition, we add
an example from everyday life or a familiar classroom activity, because people remember
ideas better when they see them in action.

A concrete example helps: take the main idea and try to apply it to a small, realistic
scenario you could test in a lab, spreadsheet, or short essay.

Common misconceptions are worth naming explicitly. Students often carry half‑true rules that
work in one context but fail in another. By surfacing these limits, we help you avoid the
usual traps on quizzes and in real assignments.

Core ideas to track: 1) Definitions and units (if any). 2) The mechanism or reasoning steps.
3) A simple diagram you could sketch from memory. 4) One boundary case where the naive idea
breaks down.

In a short case study, imagine you are explaining morphology: how words are built to a
classmate who missed the lesson. You would define the terms, list the steps you would take,
and predict the result. Then you would check whether your prediction matches basic
principles in linguistics.

Checklist for practice: (a) restate the key idea in your own words, (b) solve one numeric or
conceptual example, (c) identify one potential error a student might make, and (d) explain
how you would detect and correct that error.

Transfer to new problems: look for structural similarities rather than surface details. If
you can map elements of a new task to the roles in this concept, you will know which rules
to apply and which exceptions to watch for. This is what studying really means: building a
mental model you can reuse.

In summary, the value of this topic is twofold: it organizes facts into a coherent story,
and it equips you with a repeatable method for checking your own understanding. When you
combine definitions, examples, and error checks, you create a reliable study routine that
pays off on exams and projects.

Extension activity: write a 6–8 sentence explanation aimed at a younger student. Avoid
jargon, keep sentences short, and include one vivid example. If you struggle, it is a clue
to revisit the definition and work one more practice problem.

Tip for studying: space your practice across days and mix question types. Retrieval
practice—trying to recall without looking—strengthens memory more than rereading. When
possible, explain your reasoning out loud or to a peer to reveal gaps.",1
"Life Cycle of Stars  This overview introduces the core ideas of life cycle of stars in the
field of astronomy. The goal is to be accurate but readable, so we will favor clear
definitions, concrete examples, and short paragraphs.

Key concept: we start with a simple definition and then expand. After the definition, we add
an example from everyday life or a familiar classroom activity, because people remember
ideas better when they see them in action.

A concrete example helps: take the main idea and try to apply it to a small, realistic
scenario you could test in a lab, spreadsheet, or short essay.

Common misconceptions are worth naming explicitly. Students often carry half‑true rules that
work in one context but fail in another. By surfacing these limits, we help you avoid the
usual traps on quizzes and in real assignments.

Core ideas to track: 1) Definitions and units (if any). 2) The mechanism or reasoning steps.
3) A simple diagram you could sketch from memory. 4) One boundary case where the naive idea
breaks down.

In a short case study, imagine you are explaining life cycle of stars to a classmate who
missed the lesson. You would define the terms, list the steps you would take, and predict
the result. Then you would check whether your prediction matches basic principles in
astronomy.

Checklist for practice: (a) restate the key idea in your own words, (b) solve one numeric or
conceptual example, (c) identify one potential error a student might make, and (d) explain
how you would detect and correct that error.

Transfer to new problems: look for structural similarities rather than surface details. If
you can map elements of a new task to the roles in this concept, you will know which rules
to apply and which exceptions to watch for. This is what studying really means: building a
mental model you can reuse.

In summary, the value of this topic is twofold: it organizes facts into a coherent story,
and it equips you with a repeatable method for checking your own understanding. When you
combine definitions, examples, and error checks, you create a reliable study routine that
pays off on exams and projects.

Extension activity: write a 6–8 sentence explanation aimed at a younger student. Avoid
jargon, keep sentences short, and include one vivid example. If you struggle, it is a clue
to revisit the definition and work one more practice problem.

Tip for studying: space your practice across days and mix question types. Retrieval
practice—trying to recall without looking—strengthens memory more than rereading. When
possible, explain your reasoning out loud or to a peer to reveal gaps.",1
"Rocks, Minerals, and the Rock Cycle  This overview introduces the core ideas of rocks,
minerals, and the rock cycle in the field of geology. The goal is to be accurate but
readable, so we will favor clear definitions, concrete examples, and short paragraphs.

Key concept: we start with a simple definition and then expand. After the definition, we add
an example from everyday life or a familiar classroom activity, because people remember
ideas better when they see them in action.

A concrete example helps: take the main idea and try to apply it to a small, realistic
scenario you could test in a lab, spreadsheet, or short essay.

Common misconceptions are worth naming explicitly. Students often carry half‑true rules that
work in one context but fail in another. By surfacing these limits, we help you avoid the
usual traps on quizzes and in real assignments.

Core ideas to track: 1) Definitions and units (if any). 2) The mechanism or reasoning steps.
3) A simple diagram you could sketch from memory. 4) One boundary case where the naive idea
breaks down.

In a short case study, imagine you are explaining rocks, minerals, and the rock cycle to a
classmate who missed the lesson. You would define the terms, list the steps you would take,
and predict the result. Then you would check whether your prediction matches basic
principles in geology.

Checklist for practice: (a) restate the key idea in your own words, (b) solve one numeric or
conceptual example, (c) identify one potential error a student might make, and (d) explain
how you would detect and correct that error.

Transfer to new problems: look for structural similarities rather than surface details. If
you can map elements of a new task to the roles in this concept, you will know which rules
to apply and which exceptions to watch for. This is what studying really means: building a
mental model you can reuse.

In summary, the value of this topic is twofold: it organizes facts into a coherent story,
and it equips you with a repeatable method for checking your own understanding. When you
combine definitions, examples, and error checks, you create a reliable study routine that
pays off on exams and projects.

Extension activity: write a 6–8 sentence explanation aimed at a younger student. Avoid
jargon, keep sentences short, and include one vivid example. If you struggle, it is a clue
to revisit the definition and work one more practice problem.

Tip for studying: space your practice across days and mix question types. Retrieval
practice—trying to recall without looking—strengthens memory more than rereading. When
possible, explain your reasoning out loud or to a peer to reveal gaps.",1
"Culture, Ethnocentrism, and Cultural Relativism  This overview introduces the core ideas of
culture, ethnocentrism, and cultural relativism in the field of anthropology. The goal is to
be accurate but readable, so we will favor clear definitions, concrete examples, and short
paragraphs.

Key concept: we start with a simple definition and then expand. After the definition, we add
an example from everyday life or a familiar classroom activity, because people remember
ideas better when they see them in action.

A concrete example helps: take the main idea and try to apply it to a small, realistic
scenario you could test in a lab, spreadsheet, or short essay.

Common misconceptions are worth naming explicitly. Students often carry half‑true rules that
work in one context but fail in another. By surfacing these limits, we help you avoid the
usual traps on quizzes and in real assignments.

Core ideas to track: 1) Definitions and units (if any). 2) The mechanism or reasoning steps.
3) A simple diagram you could sketch from memory. 4) One boundary case where the naive idea
breaks down.

In a short case study, imagine you are explaining culture, ethnocentrism, and cultural
relativism to a classmate who missed the lesson. You would define the terms, list the steps
you would take, and predict the result. Then you would check whether your prediction matches
basic principles in anthropology.

Checklist for practice: (a) restate the key idea in your own words, (b) solve one numeric or
conceptual example, (c) identify one potential error a student might make, and (d) explain
how you would detect and correct that error.

Transfer to new problems: look for structural similarities rather than surface details. If
you can map elements of a new task to the roles in this concept, you will know which rules
to apply and which exceptions to watch for. This is what studying really means: building a
mental model you can reuse.

In summary, the value of this topic is twofold: it organizes facts into a coherent story,
and it equips you with a repeatable method for checking your own understanding. When you
combine definitions, examples, and error checks, you create a reliable study routine that
pays off on exams and projects.

Extension activity: write a 6–8 sentence explanation aimed at a younger student. Avoid
jargon, keep sentences short, and include one vivid example. If you struggle, it is a clue
to revisit the definition and work one more practice problem.

Tip for studying: space your practice across days and mix question types. Retrieval
practice—trying to recall without looking—strengthens memory more than rereading. When
possible, explain your reasoning out loud or to a peer to reveal gaps.",1
"Entrepreneurship and the Lean Canvas  This overview introduces the core ideas of
entrepreneurship and the lean canvas in the field of business. The goal is to be accurate
but readable, so we will favor clear definitions, concrete examples, and short paragraphs.

Key concept: we start with a simple definition and then expand. After the definition, we add
an example from everyday life or a familiar classroom activity, because people remember
ideas better when they see them in action.

A concrete example helps: take the main idea and try to apply it to a small, realistic
scenario you could test in a lab, spreadsheet, or short essay.

Common misconceptions are worth naming explicitly. Students often carry half‑true rules that
work in one context but fail in another. By surfacing these limits, we help you avoid the
usual traps on quizzes and in real assignments.

Core ideas to track: 1) Definitions and units (if any). 2) The mechanism or reasoning steps.
3) A simple diagram you could sketch from memory. 4) One boundary case where the naive idea
breaks down.

In a short case study, imagine you are explaining entrepreneurship and the lean canvas to a
classmate who missed the lesson. You would define the terms, list the steps you would take,
and predict the result. Then you would check whether your prediction matches basic
principles in business.

Checklist for practice: (a) restate the key idea in your own words, (b) solve one numeric or
conceptual example, (c) identify one potential error a student might make, and (d) explain
how you would detect and correct that error.

Transfer to new problems: look for structural similarities rather than surface details. If
you can map elements of a new task to the roles in this concept, you will know which rules
to apply and which exceptions to watch for. This is what studying really means: building a
mental model you can reuse.

In summary, the value of this topic is twofold: it organizes facts into a coherent story,
and it equips you with a repeatable method for checking your own understanding. When you
combine definitions, examples, and error checks, you create a reliable study routine that
pays off on exams and projects.

Extension activity: write a 6–8 sentence explanation aimed at a younger student. Avoid
jargon, keep sentences short, and include one vivid example. If you struggle, it is a clue
to revisit the definition and work one more practice problem.

Tip for studying: space your practice across days and mix question types. Retrieval
practice—trying to recall without looking—strengthens memory more than rereading. When
possible, explain your reasoning out loud or to a peer to reveal gaps.",1
"Time Value of Money Made Simple  This overview introduces the core ideas of time value of
money made simple in the field of finance. The goal is to be accurate but readable, so we
will favor clear definitions, concrete examples, and short paragraphs.

Key concept: we start with a simple definition and then expand. After the definition, we add
an example from everyday life or a familiar classroom activity, because people remember
ideas better when they see them in action.

A concrete example helps: take the main idea and try to apply it to a small, realistic
scenario you could test in a lab, spreadsheet, or short essay.

Common misconceptions are worth naming explicitly. Students often carry half‑true rules that
work in one context but fail in another. By surfacing these limits, we help you avoid the
usual traps on quizzes and in real assignments.

Core ideas to track: 1) Definitions and units (if any). 2) The mechanism or reasoning steps.
3) A simple diagram you could sketch from memory. 4) One boundary case where the naive idea
breaks down.

In a short case study, imagine you are explaining time value of money made simple to a
classmate who missed the lesson. You would define the terms, list the steps you would take,
and predict the result. Then you would check whether your prediction matches basic
principles in finance.

Checklist for practice: (a) restate the key idea in your own words, (b) solve one numeric or
conceptual example, (c) identify one potential error a student might make, and (d) explain
how you would detect and correct that error.

Transfer to new problems: look for structural similarities rather than surface details. If
you can map elements of a new task to the roles in this concept, you will know which rules
to apply and which exceptions to watch for. This is what studying really means: building a
mental model you can reuse.

In summary, the value of this topic is twofold: it organizes facts into a coherent story,
and it equips you with a repeatable method for checking your own understanding. When you
combine definitions, examples, and error checks, you create a reliable study routine that
pays off on exams and projects.

Extension activity: write a 6–8 sentence explanation aimed at a younger student. Avoid
jargon, keep sentences short, and include one vivid example. If you struggle, it is a clue
to revisit the definition and work one more practice problem.

Tip for studying: space your practice across days and mix question types. Retrieval
practice—trying to recall without looking—strengthens memory more than rereading. When
possible, explain your reasoning out loud or to a peer to reveal gaps.",1
"Segmentation, Targeting, Positioning  This overview introduces the core ideas of
segmentation, targeting, positioning in the field of marketing. The goal is to be accurate
but readable, so we will favor clear definitions, concrete examples, and short paragraphs.

Key concept: we start with a simple definition and then expand. After the definition, we add
an example from everyday life or a familiar classroom activity, because people remember
ideas better when they see them in action.

A concrete example helps: take the main idea and try to apply it to a small, realistic
scenario you could test in a lab, spreadsheet, or short essay.

Common misconceptions are worth naming explicitly. Students often carry half‑true rules that
work in one context but fail in another. By surfacing these limits, we help you avoid the
usual traps on quizzes and in real assignments.

Core ideas to track: 1) Definitions and units (if any). 2) The mechanism or reasoning steps.
3) A simple diagram you could sketch from memory. 4) One boundary case where the naive idea
breaks down.

In a short case study, imagine you are explaining segmentation, targeting, positioning to a
classmate who missed the lesson. You would define the terms, list the steps you would take,
and predict the result. Then you would check whether your prediction matches basic
principles in marketing.

Checklist for practice: (a) restate the key idea in your own words, (b) solve one numeric or
conceptual example, (c) identify one potential error a student might make, and (d) explain
how you would detect and correct that error.

Transfer to new problems: look for structural similarities rather than surface details. If
you can map elements of a new task to the roles in this concept, you will know which rules
to apply and which exceptions to watch for. This is what studying really means: building a
mental model you can reuse.

In summary, the value of this topic is twofold: it organizes facts into a coherent story,
and it equips you with a repeatable method for checking your own understanding. When you
combine definitions, examples, and error checks, you create a reliable study routine that
pays off on exams and projects.

Extension activity: write a 6–8 sentence explanation aimed at a younger student. Avoid
jargon, keep sentences short, and include one vivid example. If you struggle, it is a clue
to revisit the definition and work one more practice problem.

Tip for studying: space your practice across days and mix question types. Retrieval
practice—trying to recall without looking—strengthens memory more than rereading. When
possible, explain your reasoning out loud or to a peer to reveal gaps.",1
"Bottlenecks and the Theory of Constraints  This overview introduces the core ideas of
bottlenecks and the theory of constraints in the field of operations management. The goal is
to be accurate but readable, so we will favor clear definitions, concrete examples, and
short paragraphs.

Key concept: we start with a simple definition and then expand. After the definition, we add
an example from everyday life or a familiar classroom activity, because people remember
ideas better when they see them in action.

A concrete example helps: take the main idea and try to apply it to a small, realistic
scenario you could test in a lab, spreadsheet, or short essay.

Common misconceptions are worth naming explicitly. Students often carry half‑true rules that
work in one context but fail in another. By surfacing these limits, we help you avoid the
usual traps on quizzes and in real assignments.

Core ideas to track: 1) Definitions and units (if any). 2) The mechanism or reasoning steps.
3) A simple diagram you could sketch from memory. 4) One boundary case where the naive idea
breaks down.

In a short case study, imagine you are explaining bottlenecks and the theory of constraints
to a classmate who missed the lesson. You would define the terms, list the steps you would
take, and predict the result. Then you would check whether your prediction matches basic
principles in operations management.

Checklist for practice: (a) restate the key idea in your own words, (b) solve one numeric or
conceptual example, (c) identify one potential error a student might make, and (d) explain
how you would detect and correct that error.

Transfer to new problems: look for structural similarities rather than surface details. If
you can map elements of a new task to the roles in this concept, you will know which rules
to apply and which exceptions to watch for. This is what studying really means: building a
mental model you can reuse.

In summary, the value of this topic is twofold: it organizes facts into a coherent story,
and it equips you with a repeatable method for checking your own understanding. When you
combine definitions, examples, and error checks, you create a reliable study routine that
pays off on exams and projects.

Extension activity: write a 6–8 sentence explanation aimed at a younger student. Avoid
jargon, keep sentences short, and include one vivid example. If you struggle, it is a clue
to revisit the definition and work one more practice problem.

Tip for studying: space your practice across days and mix question types. Retrieval
practice—trying to recall without looking—strengthens memory more than rereading. When
possible, explain your reasoning out loud or to a peer to reveal gaps.",1
"Inventory Basics: EOQ and Safety Stock  This overview introduces the core ideas of inventory
basics: eoq and safety stock in the field of supply chain. The goal is to be accurate but
readable, so we will favor clear definitions, concrete examples, and short paragraphs.

Key concept: we start with a simple definition and then expand. After the definition, we add
an example from everyday life or a familiar classroom activity, because people remember
ideas better when they see them in action.

A concrete example helps: take the main idea and try to apply it to a small, realistic
scenario you could test in a lab, spreadsheet, or short essay.

Common misconceptions are worth naming explicitly. Students often carry half‑true rules that
work in one context but fail in another. By surfacing these limits, we help you avoid the
usual traps on quizzes and in real assignments.

Core ideas to track: 1) Definitions and units (if any). 2) The mechanism or reasoning steps.
3) A simple diagram you could sketch from memory. 4) One boundary case where the naive idea
breaks down.

In a short case study, imagine you are explaining inventory basics: eoq and safety stock to
a classmate who missed the lesson. You would define the terms, list the steps you would
take, and predict the result. Then you would check whether your prediction matches basic
principles in supply chain.

Checklist for practice: (a) restate the key idea in your own words, (b) solve one numeric or
conceptual example, (c) identify one potential error a student might make, and (d) explain
how you would detect and correct that error.

Transfer to new problems: look for structural similarities rather than surface details. If
you can map elements of a new task to the roles in this concept, you will know which rules
to apply and which exceptions to watch for. This is what studying really means: building a
mental model you can reuse.

In summary, the value of this topic is twofold: it organizes facts into a coherent story,
and it equips you with a repeatable method for checking your own understanding. When you
combine definitions, examples, and error checks, you create a reliable study routine that
pays off on exams and projects.

Extension activity: write a 6–8 sentence explanation aimed at a younger student. Avoid
jargon, keep sentences short, and include one vivid example. If you struggle, it is a clue
to revisit the definition and work one more practice problem.

Tip for studying: space your practice across days and mix question types. Retrieval
practice—trying to recall without looking—strengthens memory more than rereading. When
possible, explain your reasoning out loud or to a peer to reveal gaps.",1
"Train/Validation/Test Splits Explained  This overview introduces the core ideas of
train/validation/test splits explained in the field of data science. The goal is to be
accurate but readable, so we will favor clear definitions, concrete examples, and short
paragraphs.

Key concept: we start with a simple definition and then expand. After the definition, we add
an example from everyday life or a familiar classroom activity, because people remember
ideas better when they see them in action.

A concrete example helps: take the main idea and try to apply it to a small, realistic
scenario you could test in a lab, spreadsheet, or short essay.

Common misconceptions are worth naming explicitly. Students often carry half‑true rules that
work in one context but fail in another. By surfacing these limits, we help you avoid the
usual traps on quizzes and in real assignments.

Core ideas to track: 1) Definitions and units (if any). 2) The mechanism or reasoning steps.
3) A simple diagram you could sketch from memory. 4) One boundary case where the naive idea
breaks down.

In a short case study, imagine you are explaining train/validation/test splits explained to
a classmate who missed the lesson. You would define the terms, list the steps you would
take, and predict the result. Then you would check whether your prediction matches basic
principles in data science.

Checklist for practice: (a) restate the key idea in your own words, (b) solve one numeric or
conceptual example, (c) identify one potential error a student might make, and (d) explain
how you would detect and correct that error.

Transfer to new problems: look for structural similarities rather than surface details. If
you can map elements of a new task to the roles in this concept, you will know which rules
to apply and which exceptions to watch for. This is what studying really means: building a
mental model you can reuse.

In summary, the value of this topic is twofold: it organizes facts into a coherent story,
and it equips you with a repeatable method for checking your own understanding. When you
combine definitions, examples, and error checks, you create a reliable study routine that
pays off on exams and projects.

Extension activity: write a 6–8 sentence explanation aimed at a younger student. Avoid
jargon, keep sentences short, and include one vivid example. If you struggle, it is a clue
to revisit the definition and work one more practice problem.

Tip for studying: space your practice across days and mix question types. Retrieval
practice—trying to recall without looking—strengthens memory more than rereading. When
possible, explain your reasoning out loud or to a peer to reveal gaps.",1
"Bias in Machine Learning Systems  This overview introduces the core ideas of bias in machine
learning systems in the field of ai & ethics. The goal is to be accurate but readable, so we
will favor clear definitions, concrete examples, and short paragraphs.

Key concept: we start with a simple definition and then expand. After the definition, we add
an example from everyday life or a familiar classroom activity, because people remember
ideas better when they see them in action.

A concrete example helps: take the main idea and try to apply it to a small, realistic
scenario you could test in a lab, spreadsheet, or short essay.

Common misconceptions are worth naming explicitly. Students often carry half‑true rules that
work in one context but fail in another. By surfacing these limits, we help you avoid the
usual traps on quizzes and in real assignments.

Core ideas to track: 1) Definitions and units (if any). 2) The mechanism or reasoning steps.
3) A simple diagram you could sketch from memory. 4) One boundary case where the naive idea
breaks down.

In a short case study, imagine you are explaining bias in machine learning systems to a
classmate who missed the lesson. You would define the terms, list the steps you would take,
and predict the result. Then you would check whether your prediction matches basic
principles in ai & ethics.

Checklist for practice: (a) restate the key idea in your own words, (b) solve one numeric or
conceptual example, (c) identify one potential error a student might make, and (d) explain
how you would detect and correct that error.

Transfer to new problems: look for structural similarities rather than surface details. If
you can map elements of a new task to the roles in this concept, you will know which rules
to apply and which exceptions to watch for. This is what studying really means: building a
mental model you can reuse.

In summary, the value of this topic is twofold: it organizes facts into a coherent story,
and it equips you with a repeatable method for checking your own understanding. When you
combine definitions, examples, and error checks, you create a reliable study routine that
pays off on exams and projects.

Extension activity: write a 6–8 sentence explanation aimed at a younger student. Avoid
jargon, keep sentences short, and include one vivid example. If you struggle, it is a clue
to revisit the definition and work one more practice problem.

Tip for studying: space your practice across days and mix question types. Retrieval
practice—trying to recall without looking—strengthens memory more than rereading. When
possible, explain your reasoning out loud or to a peer to reveal gaps.",1
"Formative vs. Summative Assessment  This overview introduces the core ideas of formative vs.
summative assessment in the field of education. The goal is to be accurate but readable, so
we will favor clear definitions, concrete examples, and short paragraphs.

Key concept: we start with a simple definition and then expand. After the definition, we add
an example from everyday life or a familiar classroom activity, because people remember
ideas better when they see them in action.

A concrete example helps: take the main idea and try to apply it to a small, realistic
scenario you could test in a lab, spreadsheet, or short essay.

Common misconceptions are worth naming explicitly. Students often carry half‑true rules that
work in one context but fail in another. By surfacing these limits, we help you avoid the
usual traps on quizzes and in real assignments.

Core ideas to track: 1) Definitions and units (if any). 2) The mechanism or reasoning steps.
3) A simple diagram you could sketch from memory. 4) One boundary case where the naive idea
breaks down.

In a short case study, imagine you are explaining formative vs. summative assessment to a
classmate who missed the lesson. You would define the terms, list the steps you would take,
and predict the result. Then you would check whether your prediction matches basic
principles in education.

Checklist for practice: (a) restate the key idea in your own words, (b) solve one numeric or
conceptual example, (c) identify one potential error a student might make, and (d) explain
how you would detect and correct that error.

Transfer to new problems: look for structural similarities rather than surface details. If
you can map elements of a new task to the roles in this concept, you will know which rules
to apply and which exceptions to watch for. This is what studying really means: building a
mental model you can reuse.

In summary, the value of this topic is twofold: it organizes facts into a coherent story,
and it equips you with a repeatable method for checking your own understanding. When you
combine definitions, examples, and error checks, you create a reliable study routine that
pays off on exams and projects.

Extension activity: write a 6–8 sentence explanation aimed at a younger student. Avoid
jargon, keep sentences short, and include one vivid example. If you struggle, it is a clue
to revisit the definition and work one more practice problem.

Tip for studying: space your practice across days and mix question types. Retrieval
practice—trying to recall without looking—strengthens memory more than rereading. When
possible, explain your reasoning out loud or to a peer to reveal gaps.",1
"Stress, Strain, and Material Properties  This overview introduces the core ideas of stress,
strain, and material properties in the field of engineering. The goal is to be accurate but
readable, so we will favor clear definitions, concrete examples, and short paragraphs.

Key concept: we start with a simple definition and then expand. After the definition, we add
an example from everyday life or a familiar classroom activity, because people remember
ideas better when they see them in action.

A concrete example helps: take the main idea and try to apply it to a small, realistic
scenario you could test in a lab, spreadsheet, or short essay.

Common misconceptions are worth naming explicitly. Students often carry half‑true rules that
work in one context but fail in another. By surfacing these limits, we help you avoid the
usual traps on quizzes and in real assignments.

Core ideas to track: 1) Definitions and units (if any). 2) The mechanism or reasoning steps.
3) A simple diagram you could sketch from memory. 4) One boundary case where the naive idea
breaks down.

In a short case study, imagine you are explaining stress, strain, and material properties to
a classmate who missed the lesson. You would define the terms, list the steps you would
take, and predict the result. Then you would check whether your prediction matches basic
principles in engineering.

Checklist for practice: (a) restate the key idea in your own words, (b) solve one numeric or
conceptual example, (c) identify one potential error a student might make, and (d) explain
how you would detect and correct that error.

Transfer to new problems: look for structural similarities rather than surface details. If
you can map elements of a new task to the roles in this concept, you will know which rules
to apply and which exceptions to watch for. This is what studying really means: building a
mental model you can reuse.

In summary, the value of this topic is twofold: it organizes facts into a coherent story,
and it equips you with a repeatable method for checking your own understanding. When you
combine definitions, examples, and error checks, you create a reliable study routine that
pays off on exams and projects.

Extension activity: write a 6–8 sentence explanation aimed at a younger student. Avoid
jargon, keep sentences short, and include one vivid example. If you struggle, it is a clue
to revisit the definition and work one more practice problem.

Tip for studying: space your practice across days and mix question types. Retrieval
practice—trying to recall without looking—strengthens memory more than rereading. When
possible, explain your reasoning out loud or to a peer to reveal gaps.",1
"Contracts: Offer, Acceptance, Consideration  This overview introduces the core ideas of
contracts: offer, acceptance, consideration in the field of law. The goal is to be accurate
but readable, so we will favor clear definitions, concrete examples, and short paragraphs.

Key concept: we start with a simple definition and then expand. After the definition, we add
an example from everyday life or a familiar classroom activity, because people remember
ideas better when they see them in action.

A concrete example helps: take the main idea and try to apply it to a small, realistic
scenario you could test in a lab, spreadsheet, or short essay.

Common misconceptions are worth naming explicitly. Students often carry half‑true rules that
work in one context but fail in another. By surfacing these limits, we help you avoid the
usual traps on quizzes and in real assignments.

Core ideas to track: 1) Definitions and units (if any). 2) The mechanism or reasoning steps.
3) A simple diagram you could sketch from memory. 4) One boundary case where the naive idea
breaks down.

In a short case study, imagine you are explaining contracts: offer, acceptance,
consideration to a classmate who missed the lesson. You would define the terms, list the
steps you would take, and predict the result. Then you would check whether your prediction
matches basic principles in law.

Checklist for practice: (a) restate the key idea in your own words, (b) solve one numeric or
conceptual example, (c) identify one potential error a student might make, and (d) explain
how you would detect and correct that error.

Transfer to new problems: look for structural similarities rather than surface details. If
you can map elements of a new task to the roles in this concept, you will know which rules
to apply and which exceptions to watch for. This is what studying really means: building a
mental model you can reuse.

In summary, the value of this topic is twofold: it organizes facts into a coherent story,
and it equips you with a repeatable method for checking your own understanding. When you
combine definitions, examples, and error checks, you create a reliable study routine that
pays off on exams and projects.

Extension activity: write a 6–8 sentence explanation aimed at a younger student. Avoid
jargon, keep sentences short, and include one vivid example. If you struggle, it is a clue
to revisit the definition and work one more practice problem.

Tip for studying: space your practice across days and mix question types. Retrieval
practice—trying to recall without looking—strengthens memory more than rereading. When
possible, explain your reasoning out loud or to a peer to reveal gaps.",1
"Epidemiological Measures: Incidence vs. Prevalence  This overview introduces the core ideas
of epidemiological measures: incidence vs. prevalence in the field of public health. The
goal is to be accurate but readable, so we will favor clear definitions, concrete examples,
and short paragraphs.

Key concept: we start with a simple definition and then expand. After the definition, we add
an example from everyday life or a familiar classroom activity, because people remember
ideas better when they see them in action.

A concrete example helps: take the main idea and try to apply it to a small, realistic
scenario you could test in a lab, spreadsheet, or short essay.

Common misconceptions are worth naming explicitly. Students often carry half‑true rules that
work in one context but fail in another. By surfacing these limits, we help you avoid the
usual traps on quizzes and in real assignments.

Core ideas to track: 1) Definitions and units (if any). 2) The mechanism or reasoning steps.
3) A simple diagram you could sketch from memory. 4) One boundary case where the naive idea
breaks down.

In a short case study, imagine you are explaining epidemiological measures: incidence vs.
prevalence to a classmate who missed the lesson. You would define the terms, list the steps
you would take, and predict the result. Then you would check whether your prediction matches
basic principles in public health.

Checklist for practice: (a) restate the key idea in your own words, (b) solve one numeric or
conceptual example, (c) identify one potential error a student might make, and (d) explain
how you would detect and correct that error.

Transfer to new problems: look for structural similarities rather than surface details. If
you can map elements of a new task to the roles in this concept, you will know which rules
to apply and which exceptions to watch for. This is what studying really means: building a
mental model you can reuse.

In summary, the value of this topic is twofold: it organizes facts into a coherent story,
and it equips you with a repeatable method for checking your own understanding. When you
combine definitions, examples, and error checks, you create a reliable study routine that
pays off on exams and projects.

Extension activity: write a 6–8 sentence explanation aimed at a younger student. Avoid
jargon, keep sentences short, and include one vivid example. If you struggle, it is a clue
to revisit the definition and work one more practice problem.

Tip for studying: space your practice across days and mix question types. Retrieval
practice—trying to recall without looking—strengthens memory more than rereading. When
possible, explain your reasoning out loud or to a peer to reveal gaps.",1
"Food Webs and Trophic Levels  This overview introduces the core ideas of food webs and
trophic levels in the field of ecology. The goal is to be accurate but readable, so we will
favor clear definitions, concrete examples, and short paragraphs.

Key concept: we start with a simple definition and then expand. After the definition, we add
an example from everyday life or a familiar classroom activity, because people remember
ideas better when they see them in action.

A concrete example helps: take the main idea and try to apply it to a small, realistic
scenario you could test in a lab, spreadsheet, or short essay.

Common misconceptions are worth naming explicitly. Students often carry half‑true rules that
work in one context but fail in another. By surfacing these limits, we help you avoid the
usual traps on quizzes and in real assignments.

Core ideas to track: 1) Definitions and units (if any). 2) The mechanism or reasoning steps.
3) A simple diagram you could sketch from memory. 4) One boundary case where the naive idea
breaks down.

In a short case study, imagine you are explaining food webs and trophic levels to a
classmate who missed the lesson. You would define the terms, list the steps you would take,
and predict the result. Then you would check whether your prediction matches basic
principles in ecology.

Checklist for practice: (a) restate the key idea in your own words, (b) solve one numeric or
conceptual example, (c) identify one potential error a student might make, and (d) explain
how you would detect and correct that error.

Transfer to new problems: look for structural similarities rather than surface details. If
you can map elements of a new task to the roles in this concept, you will know which rules
to apply and which exceptions to watch for. This is what studying really means: building a
mental model you can reuse.

In summary, the value of this topic is twofold: it organizes facts into a coherent story,
and it equips you with a repeatable method for checking your own understanding. When you
combine definitions, examples, and error checks, you create a reliable study routine that
pays off on exams and projects.

Extension activity: write a 6–8 sentence explanation aimed at a younger student. Avoid
jargon, keep sentences short, and include one vivid example. If you struggle, it is a clue
to revisit the definition and work one more practice problem.

Tip for studying: space your practice across days and mix question types. Retrieval
practice—trying to recall without looking—strengthens memory more than rereading. When
possible, explain your reasoning out loud or to a peer to reveal gaps.",1
"Elasticity of Demand  This overview introduces the core ideas of elasticity of demand in the
field of microeconomics. The goal is to be accurate but readable, so we will favor clear
definitions, concrete examples, and short paragraphs.

Key concept: we start with a simple definition and then expand. After the definition, we add
an example from everyday life or a familiar classroom activity, because people remember
ideas better when they see them in action.

A concrete example helps: take the main idea and try to apply it to a small, realistic
scenario you could test in a lab, spreadsheet, or short essay.

Common misconceptions are worth naming explicitly. Students often carry half‑true rules that
work in one context but fail in another. By surfacing these limits, we help you avoid the
usual traps on quizzes and in real assignments.

Core ideas to track: 1) Definitions and units (if any). 2) The mechanism or reasoning steps.
3) A simple diagram you could sketch from memory. 4) One boundary case where the naive idea
breaks down.

In a short case study, imagine you are explaining elasticity of demand to a classmate who
missed the lesson. You would define the terms, list the steps you would take, and predict
the result. Then you would check whether your prediction matches basic principles in
microeconomics.

Checklist for practice: (a) restate the key idea in your own words, (b) solve one numeric or
conceptual example, (c) identify one potential error a student might make, and (d) explain
how you would detect and correct that error.

Transfer to new problems: look for structural similarities rather than surface details. If
you can map elements of a new task to the roles in this concept, you will know which rules
to apply and which exceptions to watch for. This is what studying really means: building a
mental model you can reuse.

In summary, the value of this topic is twofold: it organizes facts into a coherent story,
and it equips you with a repeatable method for checking your own understanding. When you
combine definitions, examples, and error checks, you create a reliable study routine that
pays off on exams and projects.

Extension activity: write a 6–8 sentence explanation aimed at a younger student. Avoid
jargon, keep sentences short, and include one vivid example. If you struggle, it is a clue
to revisit the definition and work one more practice problem.

Tip for studying: space your practice across days and mix question types. Retrieval
practice—trying to recall without looking—strengthens memory more than rereading. When
possible, explain your reasoning out loud or to a peer to reveal gaps.",1
"Inflation, CPI, and Real vs. Nominal  This overview introduces the core ideas of inflation,
cpi, and real vs. nominal in the field of macroeconomics. The goal is to be accurate but
readable, so we will favor clear definitions, concrete examples, and short paragraphs.

Key concept: we start with a simple definition and then expand. After the definition, we add
an example from everyday life or a familiar classroom activity, because people remember
ideas better when they see them in action.

A concrete example helps: take the main idea and try to apply it to a small, realistic
scenario you could test in a lab, spreadsheet, or short essay.

Common misconceptions are worth naming explicitly. Students often carry half‑true rules that
work in one context but fail in another. By surfacing these limits, we help you avoid the
usual traps on quizzes and in real assignments.

Core ideas to track: 1) Definitions and units (if any). 2) The mechanism or reasoning steps.
3) A simple diagram you could sketch from memory. 4) One boundary case where the naive idea
breaks down.

In a short case study, imagine you are explaining inflation, cpi, and real vs. nominal to a
classmate who missed the lesson. You would define the terms, list the steps you would take,
and predict the result. Then you would check whether your prediction matches basic
principles in macroeconomics.

Checklist for practice: (a) restate the key idea in your own words, (b) solve one numeric or
conceptual example, (c) identify one potential error a student might make, and (d) explain
how you would detect and correct that error.

Transfer to new problems: look for structural similarities rather than surface details. If
you can map elements of a new task to the roles in this concept, you will know which rules
to apply and which exceptions to watch for. This is what studying really means: building a
mental model you can reuse.

In summary, the value of this topic is twofold: it organizes facts into a coherent story,
and it equips you with a repeatable method for checking your own understanding. When you
combine definitions, examples, and error checks, you create a reliable study routine that
pays off on exams and projects.

Extension activity: write a 6–8 sentence explanation aimed at a younger student. Avoid
jargon, keep sentences short, and include one vivid example. If you struggle, it is a clue
to revisit the definition and work one more practice problem.

Tip for studying: space your practice across days and mix question types. Retrieval
practice—trying to recall without looking—strengthens memory more than rereading. When
possible, explain your reasoning out loud or to a peer to reveal gaps.",1
"Debugging Strategies and Mindset  This overview introduces the core ideas of debugging
strategies and mindset in the field of programming. The goal is to be accurate but readable,
so we will favor clear definitions, concrete examples, and short paragraphs.

Key concept: we start with a simple definition and then expand. After the definition, we add
an example from everyday life or a familiar classroom activity, because people remember
ideas better when they see them in action.

A concrete example helps: take the main idea and try to apply it to a small, realistic
scenario you could test in a lab, spreadsheet, or short essay.

Common misconceptions are worth naming explicitly. Students often carry half‑true rules that
work in one context but fail in another. By surfacing these limits, we help you avoid the
usual traps on quizzes and in real assignments.

Core ideas to track: 1) Definitions and units (if any). 2) The mechanism or reasoning steps.
3) A simple diagram you could sketch from memory. 4) One boundary case where the naive idea
breaks down.

In a short case study, imagine you are explaining debugging strategies and mindset to a
classmate who missed the lesson. You would define the terms, list the steps you would take,
and predict the result. Then you would check whether your prediction matches basic
principles in programming.

Checklist for practice: (a) restate the key idea in your own words, (b) solve one numeric or
conceptual example, (c) identify one potential error a student might make, and (d) explain
how you would detect and correct that error.

Transfer to new problems: look for structural similarities rather than surface details. If
you can map elements of a new task to the roles in this concept, you will know which rules
to apply and which exceptions to watch for. This is what studying really means: building a
mental model you can reuse.

In summary, the value of this topic is twofold: it organizes facts into a coherent story,
and it equips you with a repeatable method for checking your own understanding. When you
combine definitions, examples, and error checks, you create a reliable study routine that
pays off on exams and projects.

Extension activity: write a 6–8 sentence explanation aimed at a younger student. Avoid
jargon, keep sentences short, and include one vivid example. If you struggle, it is a clue
to revisit the definition and work one more practice problem.

Tip for studying: space your practice across days and mix question types. Retrieval
practice—trying to recall without looking—strengthens memory more than rereading. When
possible, explain your reasoning out loud or to a peer to reveal gaps.",1
"Passwords, Hashing, and Salting  This overview introduces the core ideas of passwords,
hashing, and salting in the field of cybersecurity. The goal is to be accurate but readable,
so we will favor clear definitions, concrete examples, and short paragraphs.

Key concept: we start with a simple definition and then expand. After the definition, we add
an example from everyday life or a familiar classroom activity, because people remember
ideas better when they see them in action.

A concrete example helps: take the main idea and try to apply it to a small, realistic
scenario you could test in a lab, spreadsheet, or short essay.

Common misconceptions are worth naming explicitly. Students often carry half‑true rules that
work in one context but fail in another. By surfacing these limits, we help you avoid the
usual traps on quizzes and in real assignments.

Core ideas to track: 1) Definitions and units (if any). 2) The mechanism or reasoning steps.
3) A simple diagram you could sketch from memory. 4) One boundary case where the naive idea
breaks down.

In a short case study, imagine you are explaining passwords, hashing, and salting to a
classmate who missed the lesson. You would define the terms, list the steps you would take,
and predict the result. Then you would check whether your prediction matches basic
principles in cybersecurity.

Checklist for practice: (a) restate the key idea in your own words, (b) solve one numeric or
conceptual example, (c) identify one potential error a student might make, and (d) explain
how you would detect and correct that error.

Transfer to new problems: look for structural similarities rather than surface details. If
you can map elements of a new task to the roles in this concept, you will know which rules
to apply and which exceptions to watch for. This is what studying really means: building a
mental model you can reuse.

In summary, the value of this topic is twofold: it organizes facts into a coherent story,
and it equips you with a repeatable method for checking your own understanding. When you
combine definitions, examples, and error checks, you create a reliable study routine that
pays off on exams and projects.

Extension activity: write a 6–8 sentence explanation aimed at a younger student. Avoid
jargon, keep sentences short, and include one vivid example. If you struggle, it is a clue
to revisit the definition and work one more practice problem.

Tip for studying: space your practice across days and mix question types. Retrieval
practice—trying to recall without looking—strengthens memory more than rereading. When
possible, explain your reasoning out loud or to a peer to reveal gaps.",1
"Deontology vs. Consequentialism  This overview introduces the core ideas of deontology vs.
consequentialism in the field of ethics. The goal is to be accurate but readable, so we will
favor clear definitions, concrete examples, and short paragraphs.

Key concept: we start with a simple definition and then expand. After the definition, we add
an example from everyday life or a familiar classroom activity, because people remember
ideas better when they see them in action.

A concrete example helps: take the main idea and try to apply it to a small, realistic
scenario you could test in a lab, spreadsheet, or short essay.

Common misconceptions are worth naming explicitly. Students often carry half‑true rules that
work in one context but fail in another. By surfacing these limits, we help you avoid the
usual traps on quizzes and in real assignments.

Core ideas to track: 1) Definitions and units (if any). 2) The mechanism or reasoning steps.
3) A simple diagram you could sketch from memory. 4) One boundary case where the naive idea
breaks down.

In a short case study, imagine you are explaining deontology vs. consequentialism to a
classmate who missed the lesson. You would define the terms, list the steps you would take,
and predict the result. Then you would check whether your prediction matches basic
principles in ethics.

Checklist for practice: (a) restate the key idea in your own words, (b) solve one numeric or
conceptual example, (c) identify one potential error a student might make, and (d) explain
how you would detect and correct that error.

Transfer to new problems: look for structural similarities rather than surface details. If
you can map elements of a new task to the roles in this concept, you will know which rules
to apply and which exceptions to watch for. This is what studying really means: building a
mental model you can reuse.

In summary, the value of this topic is twofold: it organizes facts into a coherent story,
and it equips you with a repeatable method for checking your own understanding. When you
combine definitions, examples, and error checks, you create a reliable study routine that
pays off on exams and projects.

Extension activity: write a 6–8 sentence explanation aimed at a younger student. Avoid
jargon, keep sentences short, and include one vivid example. If you struggle, it is a clue
to revisit the definition and work one more practice problem.

Tip for studying: space your practice across days and mix question types. Retrieval
practice—trying to recall without looking—strengthens memory more than rereading. When
possible, explain your reasoning out loud or to a peer to reveal gaps.",1
"Audience, Purpose, and Tone  This overview introduces the core ideas of audience, purpose,
and tone in the field of communication. The goal is to be accurate but readable, so we will
favor clear definitions, concrete examples, and short paragraphs.

Key concept: we start with a simple definition and then expand. After the definition, we add
an example from everyday life or a familiar classroom activity, because people remember
ideas better when they see them in action.

A concrete example helps: take the main idea and try to apply it to a small, realistic
scenario you could test in a lab, spreadsheet, or short essay.

Common misconceptions are worth naming explicitly. Students often carry half‑true rules that
work in one context but fail in another. By surfacing these limits, we help you avoid the
usual traps on quizzes and in real assignments.

Core ideas to track: 1) Definitions and units (if any). 2) The mechanism or reasoning steps.
3) A simple diagram you could sketch from memory. 4) One boundary case where the naive idea
breaks down.

In a short case study, imagine you are explaining audience, purpose, and tone to a classmate
who missed the lesson. You would define the terms, list the steps you would take, and
predict the result. Then you would check whether your prediction matches basic principles in
communication.

Checklist for practice: (a) restate the key idea in your own words, (b) solve one numeric or
conceptual example, (c) identify one potential error a student might make, and (d) explain
how you would detect and correct that error.

Transfer to new problems: look for structural similarities rather than surface details. If
you can map elements of a new task to the roles in this concept, you will know which rules
to apply and which exceptions to watch for. This is what studying really means: building a
mental model you can reuse.

In summary, the value of this topic is twofold: it organizes facts into a coherent story,
and it equips you with a repeatable method for checking your own understanding. When you
combine definitions, examples, and error checks, you create a reliable study routine that
pays off on exams and projects.

Extension activity: write a 6–8 sentence explanation aimed at a younger student. Avoid
jargon, keep sentences short, and include one vivid example. If you struggle, it is a clue
to revisit the definition and work one more practice problem.

Tip for studying: space your practice across days and mix question types. Retrieval
practice—trying to recall without looking—strengthens memory more than rereading. When
possible, explain your reasoning out loud or to a peer to reveal gaps.",1
"Critical Path and Slack  This overview introduces the core ideas of critical path and slack
in the field of project management. The goal is to be accurate but readable, so we will
favor clear definitions, concrete examples, and short paragraphs.

Key concept: we start with a simple definition and then expand. After the definition, we add
an example from everyday life or a familiar classroom activity, because people remember
ideas better when they see them in action.

A concrete example helps: take the main idea and try to apply it to a small, realistic
scenario you could test in a lab, spreadsheet, or short essay.

Common misconceptions are worth naming explicitly. Students often carry half‑true rules that
work in one context but fail in another. By surfacing these limits, we help you avoid the
usual traps on quizzes and in real assignments.

Core ideas to track: 1) Definitions and units (if any). 2) The mechanism or reasoning steps.
3) A simple diagram you could sketch from memory. 4) One boundary case where the naive idea
breaks down.

In a short case study, imagine you are explaining critical path and slack to a classmate who
missed the lesson. You would define the terms, list the steps you would take, and predict
the result. Then you would check whether your prediction matches basic principles in project
management.

Checklist for practice: (a) restate the key idea in your own words, (b) solve one numeric or
conceptual example, (c) identify one potential error a student might make, and (d) explain
how you would detect and correct that error.

Transfer to new problems: look for structural similarities rather than surface details. If
you can map elements of a new task to the roles in this concept, you will know which rules
to apply and which exceptions to watch for. This is what studying really means: building a
mental model you can reuse.

In summary, the value of this topic is twofold: it organizes facts into a coherent story,
and it equips you with a repeatable method for checking your own understanding. When you
combine definitions, examples, and error checks, you create a reliable study routine that
pays off on exams and projects.

Extension activity: write a 6–8 sentence explanation aimed at a younger student. Avoid
jargon, keep sentences short, and include one vivid example. If you struggle, it is a clue
to revisit the definition and work one more practice problem.

Tip for studying: space your practice across days and mix question types. Retrieval
practice—trying to recall without looking—strengthens memory more than rereading. When
possible, explain your reasoning out loud or to a peer to reveal gaps.",1
"Hypothesis Tests and p-Values  This overview introduces the core ideas of hypothesis tests
and p-values in the field of statistics 2. The goal is to be accurate but readable, so we
will favor clear definitions, concrete examples, and short paragraphs.

Key concept: we start with a simple definition and then expand. After the definition, we add
an example from everyday life or a familiar classroom activity, because people remember
ideas better when they see them in action.

A confidence interval does not mean the parameter moves. It reflects the uncertainty in our
estimate across repeated samples.

Common misconceptions are worth naming explicitly. Students often carry half‑true rules that
work in one context but fail in another. By surfacing these limits, we help you avoid the
usual traps on quizzes and in real assignments.

Core ideas to track: 1) Definitions and units (if any). 2) The mechanism or reasoning steps.
3) A simple diagram you could sketch from memory. 4) One boundary case where the naive idea
breaks down.

In a short case study, imagine you are explaining hypothesis tests and p-values to a
classmate who missed the lesson. You would define the terms, list the steps you would take,
and predict the result. Then you would check whether your prediction matches basic
principles in statistics 2.

Checklist for practice: (a) restate the key idea in your own words, (b) solve one numeric or
conceptual example, (c) identify one potential error a student might make, and (d) explain
how you would detect and correct that error.

Transfer to new problems: look for structural similarities rather than surface details. If
you can map elements of a new task to the roles in this concept, you will know which rules
to apply and which exceptions to watch for. This is what studying really means: building a
mental model you can reuse.

In summary, the value of this topic is twofold: it organizes facts into a coherent story,
and it equips you with a repeatable method for checking your own understanding. When you
combine definitions, examples, and error checks, you create a reliable study routine that
pays off on exams and projects.

Extension activity: write a 6–8 sentence explanation aimed at a younger student. Avoid
jargon, keep sentences short, and include one vivid example. If you struggle, it is a clue
to revisit the definition and work one more practice problem.

Tip for studying: space your practice across days and mix question types. Retrieval
practice—trying to recall without looking—strengthens memory more than rereading. When
possible, explain your reasoning out loud or to a peer to reveal gaps.",1
"Stoichiometry and Limiting Reagents  This overview introduces the core ideas of
stoichiometry and limiting reagents in the field of chemistry 2. The goal is to be accurate
but readable, so we will favor clear definitions, concrete examples, and short paragraphs.

Key concept: we start with a simple definition and then expand. After the definition, we add
an example from everyday life or a familiar classroom activity, because people remember
ideas better when they see them in action.

You can test acids and bases with indicators like litmus or universal indicator. A small
change in hydrogen ion concentration can shift the pH significantly.

Common misconceptions are worth naming explicitly. Students often carry half‑true rules that
work in one context but fail in another. By surfacing these limits, we help you avoid the
usual traps on quizzes and in real assignments.

Core ideas to track: 1) Definitions and units (if any). 2) The mechanism or reasoning steps.
3) A simple diagram you could sketch from memory. 4) One boundary case where the naive idea
breaks down.

In a short case study, imagine you are explaining stoichiometry and limiting reagents to a
classmate who missed the lesson. You would define the terms, list the steps you would take,
and predict the result. Then you would check whether your prediction matches basic
principles in chemistry 2.

Checklist for practice: (a) restate the key idea in your own words, (b) solve one numeric or
conceptual example, (c) identify one potential error a student might make, and (d) explain
how you would detect and correct that error.

Transfer to new problems: look for structural similarities rather than surface details. If
you can map elements of a new task to the roles in this concept, you will know which rules
to apply and which exceptions to watch for. This is what studying really means: building a
mental model you can reuse.

In summary, the value of this topic is twofold: it organizes facts into a coherent story,
and it equips you with a repeatable method for checking your own understanding. When you
combine definitions, examples, and error checks, you create a reliable study routine that
pays off on exams and projects.

Extension activity: write a 6–8 sentence explanation aimed at a younger student. Avoid
jargon, keep sentences short, and include one vivid example. If you struggle, it is a clue
to revisit the definition and work one more practice problem.

Tip for studying: space your practice across days and mix question types. Retrieval
practice—trying to recall without looking—strengthens memory more than rereading. When
possible, explain your reasoning out loud or to a peer to reveal gaps.",1
"DNA to Proteins: The Central Dogma  This overview introduces the core ideas of dna to
proteins: the central dogma in the field of biology 2. The goal is to be accurate but
readable, so we will favor clear definitions, concrete examples, and short paragraphs.

Key concept: we start with a simple definition and then expand. After the definition, we add
an example from everyday life or a familiar classroom activity, because people remember
ideas better when they see them in action.

Think about a leaf as a small factory powered by sunlight. Pigments absorb light, and a
chain of reactions stores energy in molecules that the plant can use later.

Common misconceptions are worth naming explicitly. Students often carry half‑true rules that
work in one context but fail in another. By surfacing these limits, we help you avoid the
usual traps on quizzes and in real assignments.

Core ideas to track: 1) Definitions and units (if any). 2) The mechanism or reasoning steps.
3) A simple diagram you could sketch from memory. 4) One boundary case where the naive idea
breaks down.

In a short case study, imagine you are explaining dna to proteins: the central dogma to a
classmate who missed the lesson. You would define the terms, list the steps you would take,
and predict the result. Then you would check whether your prediction matches basic
principles in biology 2.

Checklist for practice: (a) restate the key idea in your own words, (b) solve one numeric or
conceptual example, (c) identify one potential error a student might make, and (d) explain
how you would detect and correct that error.

Transfer to new problems: look for structural similarities rather than surface details. If
you can map elements of a new task to the roles in this concept, you will know which rules
to apply and which exceptions to watch for. This is what studying really means: building a
mental model you can reuse.

In summary, the value of this topic is twofold: it organizes facts into a coherent story,
and it equips you with a repeatable method for checking your own understanding. When you
combine definitions, examples, and error checks, you create a reliable study routine that
pays off on exams and projects.

Extension activity: write a 6–8 sentence explanation aimed at a younger student. Avoid
jargon, keep sentences short, and include one vivid example. If you struggle, it is a clue
to revisit the definition and work one more practice problem.

Tip for studying: space your practice across days and mix question types. Retrieval
practice—trying to recall without looking—strengthens memory more than rereading. When
possible, explain your reasoning out loud or to a peer to reveal gaps.",1
"Energy Conservation and Simple Machines  This overview introduces the core ideas of energy
conservation and simple machines in the field of physics 2. The goal is to be accurate but
readable, so we will favor clear definitions, concrete examples, and short paragraphs.

Key concept: we start with a simple definition and then expand. After the definition, we add
an example from everyday life or a familiar classroom activity, because people remember
ideas better when they see them in action.

When a bus brakes and you lean forward, you are experiencing inertia: your body keeps moving
until another force, like the seatbelt, acts on it.

Common misconceptions are worth naming explicitly. Students often carry half‑true rules that
work in one context but fail in another. By surfacing these limits, we help you avoid the
usual traps on quizzes and in real assignments.

Core ideas to track: 1) Definitions and units (if any). 2) The mechanism or reasoning steps.
3) A simple diagram you could sketch from memory. 4) One boundary case where the naive idea
breaks down.

In a short case study, imagine you are explaining energy conservation and simple machines to
a classmate who missed the lesson. You would define the terms, list the steps you would
take, and predict the result. Then you would check whether your prediction matches basic
principles in physics 2.

Checklist for practice: (a) restate the key idea in your own words, (b) solve one numeric or
conceptual example, (c) identify one potential error a student might make, and (d) explain
how you would detect and correct that error.

Transfer to new problems: look for structural similarities rather than surface details. If
you can map elements of a new task to the roles in this concept, you will know which rules
to apply and which exceptions to watch for. This is what studying really means: building a
mental model you can reuse.

In summary, the value of this topic is twofold: it organizes facts into a coherent story,
and it equips you with a repeatable method for checking your own understanding. When you
combine definitions, examples, and error checks, you create a reliable study routine that
pays off on exams and projects.

Extension activity: write a 6–8 sentence explanation aimed at a younger student. Avoid
jargon, keep sentences short, and include one vivid example. If you struggle, it is a clue
to revisit the definition and work one more practice problem.

Tip for studying: space your practice across days and mix question types. Retrieval
practice—trying to recall without looking—strengthens memory more than rereading. When
possible, explain your reasoning out loud or to a peer to reveal gaps.",1
"Intro to Derivatives  This overview introduces the core ideas of intro to derivatives in the
field of mathematics 2. The goal is to be accurate but readable, so we will favor clear
definitions, concrete examples, and short paragraphs.

Key concept: we start with a simple definition and then expand. After the definition, we add
an example from everyday life or a familiar classroom activity, because people remember
ideas better when they see them in action.

A limit describes what value a function approaches. You do not need to plug in the exact
point; you look at behavior nearby.

Common misconceptions are worth naming explicitly. Students often carry half‑true rules that
work in one context but fail in another. By surfacing these limits, we help you avoid the
usual traps on quizzes and in real assignments.

Core ideas to track: 1) Definitions and units (if any). 2) The mechanism or reasoning steps.
3) A simple diagram you could sketch from memory. 4) One boundary case where the naive idea
breaks down.

In a short case study, imagine you are explaining intro to derivatives to a classmate who
missed the lesson. You would define the terms, list the steps you would take, and predict
the result. Then you would check whether your prediction matches basic principles in
mathematics 2.

Checklist for practice: (a) restate the key idea in your own words, (b) solve one numeric or
conceptual example, (c) identify one potential error a student might make, and (d) explain
how you would detect and correct that error.

Transfer to new problems: look for structural similarities rather than surface details. If
you can map elements of a new task to the roles in this concept, you will know which rules
to apply and which exceptions to watch for. This is what studying really means: building a
mental model you can reuse.

In summary, the value of this topic is twofold: it organizes facts into a coherent story,
and it equips you with a repeatable method for checking your own understanding. When you
combine definitions, examples, and error checks, you create a reliable study routine that
pays off on exams and projects.

Extension activity: write a 6–8 sentence explanation aimed at a younger student. Avoid
jargon, keep sentences short, and include one vivid example. If you struggle, it is a clue
to revisit the definition and work one more practice problem.

Tip for studying: space your practice across days and mix question types. Retrieval
practice—trying to recall without looking—strengthens memory more than rereading. When
possible, explain your reasoning out loud or to a peer to reveal gaps.",1
"Urbanization and Sustainable Cities  This overview introduces the core ideas of urbanization
and sustainable cities in the field of geography 2. The goal is to be accurate but readable,
so we will favor clear definitions, concrete examples, and short paragraphs.

Key concept: we start with a simple definition and then expand. After the definition, we add
an example from everyday life or a familiar classroom activity, because people remember
ideas better when they see them in action.

A concrete example helps: take the main idea and try to apply it to a small, realistic
scenario you could test in a lab, spreadsheet, or short essay.

Common misconceptions are worth naming explicitly. Students often carry half‑true rules that
work in one context but fail in another. By surfacing these limits, we help you avoid the
usual traps on quizzes and in real assignments.

Core ideas to track: 1) Definitions and units (if any). 2) The mechanism or reasoning steps.
3) A simple diagram you could sketch from memory. 4) One boundary case where the naive idea
breaks down.

In a short case study, imagine you are explaining urbanization and sustainable cities to a
classmate who missed the lesson. You would define the terms, list the steps you would take,
and predict the result. Then you would check whether your prediction matches basic
principles in geography 2.

Checklist for practice: (a) restate the key idea in your own words, (b) solve one numeric or
conceptual example, (c) identify one potential error a student might make, and (d) explain
how you would detect and correct that error.

Transfer to new problems: look for structural similarities rather than surface details. If
you can map elements of a new task to the roles in this concept, you will know which rules
to apply and which exceptions to watch for. This is what studying really means: building a
mental model you can reuse.

In summary, the value of this topic is twofold: it organizes facts into a coherent story,
and it equips you with a repeatable method for checking your own understanding. When you
combine definitions, examples, and error checks, you create a reliable study routine that
pays off on exams and projects.

Extension activity: write a 6–8 sentence explanation aimed at a younger student. Avoid
jargon, keep sentences short, and include one vivid example. If you struggle, it is a clue
to revisit the definition and work one more practice problem.

Tip for studying: space your practice across days and mix question types. Retrieval
practice—trying to recall without looking—strengthens memory more than rereading. When
possible, explain your reasoning out loud or to a peer to reveal gaps.",1
"Industrial Revolution: Causes and Impacts  This overview introduces the core ideas of
industrial revolution: causes and impacts in the field of history 2. The goal is to be
accurate but readable, so we will favor clear definitions, concrete examples, and short
paragraphs.

Key concept: we start with a simple definition and then expand. After the definition, we add
an example from everyday life or a familiar classroom activity, because people remember
ideas better when they see them in action.

A concrete example helps: take the main idea and try to apply it to a small, realistic
scenario you could test in a lab, spreadsheet, or short essay.

Common misconceptions are worth naming explicitly. Students often carry half‑true rules that
work in one context but fail in another. By surfacing these limits, we help you avoid the
usual traps on quizzes and in real assignments.

Core ideas to track: 1) Definitions and units (if any). 2) The mechanism or reasoning steps.
3) A simple diagram you could sketch from memory. 4) One boundary case where the naive idea
breaks down.

In a short case study, imagine you are explaining industrial revolution: causes and impacts
to a classmate who missed the lesson. You would define the terms, list the steps you would
take, and predict the result. Then you would check whether your prediction matches basic
principles in history 2.

Checklist for practice: (a) restate the key idea in your own words, (b) solve one numeric or
conceptual example, (c) identify one potential error a student might make, and (d) explain
how you would detect and correct that error.

Transfer to new problems: look for structural similarities rather than surface details. If
you can map elements of a new task to the roles in this concept, you will know which rules
to apply and which exceptions to watch for. This is what studying really means: building a
mental model you can reuse.

In summary, the value of this topic is twofold: it organizes facts into a coherent story,
and it equips you with a repeatable method for checking your own understanding. When you
combine definitions, examples, and error checks, you create a reliable study routine that
pays off on exams and projects.

Extension activity: write a 6–8 sentence explanation aimed at a younger student. Avoid
jargon, keep sentences short, and include one vivid example. If you struggle, it is a clue
to revisit the definition and work one more practice problem.

Tip for studying: space your practice across days and mix question types. Retrieval
practice—trying to recall without looking—strengthens memory more than rereading. When
possible, explain your reasoning out loud or to a peer to reveal gaps.",1
